"Group","ID","Sequence"
"IGHV4","IGHV4-28*04","caggtgcagctgcaggagtcgggcccaggactggtgaagccttcggacaccctgtccctcacctgcgctgtctctggttactccatcagcagtagtaactggtggggctggatccggcagcccccagggaagggactggagtggattgggtacatctattatagtgggagcacctactacaacccgtccctcaagagtcgagtcaccatgtcagtagacacgtccaagaaccagttctccctgaagctgagctctgtgaccgccgtggacaccggcgtgtattactgtgcgaga"
"IGHV4","IGHV4-28*06","caggtgcagctacaggagtcgggcccaggactggtgaagccttcggacaccctgtccctcacctgcgctgtctctggttactccatcagcagtagtaactggtggggctggatccggcagcccccagggaagggactggagtggattgggtacatctattatagtgggagcaccaactacaacccgtccctcaagagtcgagtcaccatgtcagtagacacgtccaagaaccagttctccctgaagctgagctctgtgaccgccttggacacggccgtgtattactgtgcgagaaa"
"IGHV4","IGHV4-30-2*03","cagctgcagctgcaggagtccggctcaggactggtgaagccttcacagaccctgtccctcacctgcgctgtctctggtggctccatcagcagtggtggttactcctggagctggatccggcagccaccagggaagggcctggagtggattgggagtatctattatagtgggagcacctactacaacccgtccctcaagagtcgagtcaccatatccgtagacacgtccaagaaccagttctccctgaagctgagctctgtgaccgctgcagacacggctgtgtattactgtgcgagaca"
"IGHV4","IGHV4-30-2*05","cagctgcagctgcaggagtccggctcaggactggtgaagccttcacagaccctgtccctcacctgcgctgtctctggtggctccatcagcagtggtggttactcctggagctggatccggcagccaccagggaagggcctggagtggattgggtacatctatcatagtgggagcacctactacaacccgtccctcaagagtcgagttaccatatcagtagacacgtccaagaaccagttctccctgaagctgagctctgtgactgccgcagacacggccgtgtattactgtgccagaga"
"IGHV4","IGHV4-30-2*07","caggtgcagctgcaggagtcgggcccaggactggtgaagccttcacagaccctgtccctcacctgcactgtctctggtggctccatcagcagtggtgattactactggagttggatccgccagcccccagggaagggcctggagtggattgggtacatctattacagtgggagcacctactacaacccgtccctcaagagtcgagttaccatatcagtagacacgtccaagaaccagttctccctgaagctgagctctgtgactgccgcagacacggccgtgtattactgtgccagaga"
"IGHV4","IGHV4-30-4*01","caggtgcagctgcaggagtcgggcccaggactggtgaagccttcacagaccctgtccctcacctgcactgtctctggtggctccatcagcagtggtgattactactggagttggatccgccagcccccagggaagggcctggagtggattgggtacatctattacagtgggagcacctactacaacccgtccctcaagagtcgagttaccatatcagtagacacgtccaagaaccagttctccctgaagctgagctctgtgactgccgcagacacggccgtgtattactgtgccagaga"
"IGHV4","IGHV4-30-4*02","caggtgcagctgcaggagtcgggcccaggactggtgaagccttcggacaccctgtccctcacctgcactgtctctggtggctccatcagcagtggtgattactactggagttggatccgccagcccccagggaagggcctggagtggattgggtacatctattacagtgggagcacctactacaacccgtccctcaagagtcgagttaccatatcagtagacacgtccaagaaccagttctccctgaagctgagctctgtgactgcagcagacacggccgtgtattactgtgccagaga"
"IGHV4","IGHV4-30-4*04","caggtgcagctgcaggactcgggcccaggactggtgaagccttcacagaccctgtccctcacctgcactgtctctggtggctccatcagcagtggtgattactactggagttggatccgccagcccccagggaagggcctggagtggattgggtacttctattacagtgggagcacctactacaacccgtccctcaagagtcgagttaccatatcagtagacacgtccaagaaccagttctccctgaagctgagctctgtgactgccgcagacacggccgtgtattactg"
"IGHV4","IGHV4-30-4*05","ctctggtggctccatcagcagtggtgattactactggagttggatccgccagcncccagggaagggcctggagtggattgggtacatctattacagtgggagcacctactacaacccgtccctcaagagtcgagtcaccatatcagtagacacgtccaagaaccagttctccctgaagctgagctctgtgactgccgcagacacggccgtgtattactgtgccagaga"
"IGHV4","IGHV4-30-4*06","tctggtggctccatcagcagtggtgattactactggagttggatccgccagcacccagggaagggcctggagtggattgggtacatctattacagtgggagcacctactacaacccgtccctcaagagtcgagttaccatatcagtagacacgtccaagaaccagttctccctgaagctgagctctgtgactgccgcagacacggccgtgtattactgtgccagaga"
"IGHV4","IGHV4-30-4*08","caggtgcagctgcaggagtcgggcccaggactggtgaagccttcacagaccctgtccctcacctgcactgtctctggtggctccatcagcagtggtgattactactggagctggatccgccagcccccagggaagggcctggagtggattgggtacatctattacagtgggagcacctactacaacccgtccctcaagagtcgagttaccatatcagtagacacgtccaagaaccagttctccctgaagctgagctctgtgactgccgcagacacggccgtgtattactgtgccagag"
"IGHV4","IGHV4-30-4*10","cagctgcagctgcaggagtcgggcccaggactggtgaagccttcacagaccctgtccctcacctgcactgtctctggtggctccatcagcagtggtgattactactggagctggatccgccagcccccagggaagggcctggagtggattgggtacatctattacagtgggagcacctactacaacccgtccctcaagagtcgagttaccatatcagtagacacgtccaagaaccagttctccctgaagctgagctctgtgactgccgcagacacggccgtgtattactgtgccagaga"
"IGHV4","IGHV4-30-8*01","caggtgcagctgcaggagtcgggcccaggactggtgaagccttcacagaccctgtccctcacctgcactgtctctggtggctccatcagcagtggtgattactactggagttggatccgccagcccccagggaagggcctggagtggattgggtacatctattacagtgggagcacctactacaacccgtccctcaagagtcgagttaccatatcagtagacacgtccaagaaccagttctccctgaagctgagctctgtgactgccgcagacacggccgtgtattactgtgccagaga"
"IGHV4","IGHV4-31*05","caggtgcagctgcaggagtcgggcccaggactggtgaagccttcacagaccctgtccctcacctgcactgtctctggtggctccatcagcagtggtggttactactggagctggatccgccagcacccagggaagggcctggagtggattgggtacatctattacagtgggagcacctactacaacccgtccctcaagagtcgagttaccatatcagtagacacgtctaagaaccagttctccctgaagctgagctctgtgaccgcggacgcggccgtgtattactgtgcg"
"IGHV4","IGHV4-39*04","gctccatcagcagtagtagttactactggggctggatccgccagcccccagggaaggggctggagtggattgggagtatctattatagtgggagcacctactacaacccgtccctcaagagtcgagtcaccatatccgtagacacgtccaagaaccagttctccctgaagctgagctctgtgaccgccgcggacac"
"IGHV4","IGHV4-61*04","caggtgcagctgcaggagtcgggcccaggactggtgaagccttcggagaccctgtccctcacctgcactgtctctggtggctccgtcagcagtggtagttactactggagctggatccggcagcccccagggaagggactggagtggattggatatatctattacagtgggagcaccaactacaacccctccctcaagagtcgagtcaccatatcagtagacacgtccaagaaccagttctccctgaagctgagctctgtgaccgctgacacggccgtgtattactg"
"IGHV4","IGHV4-80*02","caggtgcagctgcaggagtggggcccaggactggtgaagccttcggagaccctgtccctcacatgcgctgtctctggtgactccatcagcagtggtaactggtggagctgggtccgccagtccccagggaaggggctggaatggattggatacatctattatagtgggaggagctactacaccccgtccctcaggagttgagtcaccatgtcaatagaaacgtccaagaaccagttttccctgaagctgagctctgtgaccgca"
"IGHV4","IGHV4-80*03","caggtgcagctgcaggagtggggcccaggactggtgaagccttcggagaccctgtccctcacctgcgctgtctctggtgactccatcagcagtggtaactggtggagctgggtccgccagtccccagggaaggggctggaatggattggatacatctattatagtgggaggagctactacaccccgtccctcaggagttgagtcaccatgtcaatagaaacgtccaagaaccagttttccctgaagctgagctctgtgaccgca"
